text,label
I absolutely loved this movie,positive
This product is amazing,positive
I am very happy with the service,positive
The experience was fantastic,positive
Really enjoyed using this app,positive
This is the best purchase I made,positive
Highly recommend this to everyone,positive
Great quality and fast delivery,positive
Superb performance and easy to use,positive
I am satisfied with the results,positive
Loved the design and usability,positive
The interface is clean and intuitive,positive
Very impressed with the support team,positive
Works exactly as expected,positive
The quality exceeded my expectations,positive
Smooth experience from start to finish,positive
This made my work so much easier,positive
Absolutely worth the money,positive
Fast and reliable performance,positive
I would definitely recommend this,positive
The app is very user friendly,positive
Great value for the price,positive
Excellent build quality,positive
I am extremely pleased with this,positive
Everything works perfectly,positive
The service was quick and efficient,positive
Very easy to set up and use,positive
Top notch performance,positive
Brilliant concept and execution,positive
It saved me a lot of time,positive
Very professional and reliable,positive
I had a great experience,positive
Everything was handled smoothly,positive
The results are accurate and helpful,positive
Clean and simple interface,positive
Very responsive and fast,positive
The product feels premium,positive
I enjoyed every part of it,positive
Excellent customer service,positive
The delivery was quick,positive
Great experience overall,positive
The product is fantastic,positive
Very happy with my purchase,positive
Loved how easy it was,positive
This is really helpful,positive
Very well designed,positive
Great job by the developers,positive
Amazing features and performance,positive
Very efficient and smooth,positive
I am fully satisfied,positive
This is terrible,negative
I hate this product,negative
Worst experience ever,negative
Very disappointing service,negative
I will never buy this again,negative
Completely useless and waste of money,negative
The quality is very bad,negative
Not worth the price,negative
Extremely frustrating to use,negative
I regret buying this,negative
Very poor performance,negative
The app crashes frequently,negative
Terrible customer support,negative
It does not work as expected,negative
Very slow and unresponsive,negative
The interface is confusing,negative
Bad design and usability,negative
Waste of time and money,negative
I am very unhappy with this,negative
Totally disappointing,negative
It stopped working after one use,negative
Very unreliable product,negative
I faced many issues,negative
This is not user friendly,negative
The experience was horrible,negative
The quality is disappointing,negative
Too many bugs and errors,negative
I would not recommend this,negative
Poor build quality,negative
The service was very slow,negative
It failed to meet expectations,negative
The features are useless,negative
I had a bad experience,negative
Very confusing to use,negative
Not satisfied at all,negative
Terrible performance overall,negative
The product broke quickly,negative
This is a scam,negative
Not worth buying,negative
Completely disappointed,negative
The app is full of bugs,negative
Very difficult to use,negative
Bad experience overall,negative
It hangs all the time,negative
The worst product I have used,negative
Does not deliver what it promises,negative
Very poor quality,negative
Unacceptable performance,negative
I am frustrated with this,negative
Not recommended at all,negative
